Year,NetID,Latitude,Longitude,depth_m,net_name,net_label,date,target_date,Jday,SST,core_risk,core_percentile,maxent_suitability,integrated_risk,integrated_percentile_today,Month,core_risk_class,integrated_risk_class,period_label,model_main,maxent_source,forecast_ocean_mode,ocean_forecast_source,note
2016,16,33.302961,134.204049,60,16,16 / NetID 16,2016-07-01,2016-07-01,168,23.840638074468085,0.35579213105640334,0.8970242911767973,0.33495189373562184,0.35579213105640334,0.8970242911767973,NA,High,High,2016,GAM: Jday + SST + depth + log10(CHL),glm_maxent_like,historical_oisst_yearly_mean,NOAA OISST historical,Yearly historical risk is the mean of daily historical risks.
2016,12,33.400017,134.011099,26,12,12 / NetID 12,2016-07-01,2016-07-01,168,23.840638074468085,0.35312793201397163,0.8774334808891427,0.22964732946912364,0.35312793201397163,0.8774334808891427,NA,High,High,2016,GAM: Jday + SST + depth + log10(CHL),glm_maxent_like,historical_oisst_yearly_mean,NOAA OISST historical,Yearly historical risk is the mean of daily historical risks.
2016,11,32.77052,133.019357,28,11,11 / NetID 11,2016-07-01,2016-07-01,168,24.418829468085107,0.3362736544312623,0.8829152585399908,0.22254509420139618,0.3362736544312623,0.8829152585399908,NA,High,High,2016,GAM: Jday + SST + depth + log10(CHL),glm_maxent_like,historical_oisst_yearly_mean,NOAA OISST historical,Yearly historical risk is the mean of daily historical risks.
2016,13,33.360612,134.043999,23,13,13 / NetID 13,2016-07-01,2016-07-01,168,23.840638074468085,0.29689683996071625,0.8491955828454472,0.24976458651558792,0.29689683996071625,0.8491955828454472,NA,High,High,2016,GAM: Jday + SST + depth + log10(CHL),glm_maxent_like,historical_oisst_yearly_mean,NOAA OISST historical,Yearly historical risk is the mean of daily historical risks.
2016,15,33.269809,134.202371,47,15,15 / NetID 15,2016-07-01,2016-07-01,168,23.840638074468085,0.2767566161469206,0.8395092579370745,0.26879806400277223,0.2767566161469206,0.8395092579370745,NA,High,High,2016,GAM: Jday + SST + depth + log10(CHL),glm_maxent_like,historical_oisst_yearly_mean,NOAA OISST historical,Yearly historical risk is the mean of daily historical risks.
2016,17,33.428671,134.243505,45,17,17 / NetID 17,2016-07-01,2016-07-01,168,23.840638074468085,0.27557163157731906,0.8479778507623716,0.23791657659705684,0.27557163157731906,0.8479778507623716,NA,High,High,2016,GAM: Jday + SST + depth + log10(CHL),glm_maxent_like,historical_oisst_yearly_mean,NOAA OISST historical,Yearly historical risk is the mean of daily historical risks.
2016,4,32.784353,132.703013,45,4,4 / NetID 4,2016-07-01,2016-07-01,168,23.819254989361703,0.2592070032444035,0.8315682167959764,0.2247474681388027,0.2592070032444035,0.8315682167959764,NA,High,High,2016,GAM: Jday + SST + depth + log10(CHL),glm_maxent_like,historical_oisst_yearly_mean,NOAA OISST historical,Yearly historical risk is the mean of daily historical risks.
2016,18,33.455525,134.256103,44,18,18 / NetID 18,2016-07-01,2016-07-01,168,23.812978521276595,0.23387007434960203,0.8102995541593285,0.23316726517536626,0.23387007434960203,0.8102995541593285,NA,High,High,2016,GAM: Jday + SST + depth + log10(CHL),glm_maxent_like,historical_oisst_yearly_mean,NOAA OISST historical,Yearly historical risk is the mean of daily historical risks.
2016,8,32.734923,133.029438,49,8,8 / NetID 8,2016-07-01,2016-07-01,168,25.096701882978724,0.22577861408397562,0.8098513335554604,0.2688370096988065,0.22577861408397562,0.8098513335554604,NA,High,High,2016,GAM: Jday + SST + depth + log10(CHL),glm_maxent_like,historical_oisst_yearly_mean,NOAA OISST historical,Yearly historical risk is the mean of daily historical risks.
2016,14,33.311698,134.201284,30,14,14 / NetID 14,2016-07-01,2016-07-01,168,23.840638074468085,0.2050867928606213,0.7930291779713456,0.201459342486897,0.2050867928606213,0.7930291779713456,NA,High,High,2016,GAM: Jday + SST + depth + log10(CHL),glm_maxent_like,historical_oisst_yearly_mean,NOAA OISST historical,Yearly historical risk is the mean of daily historical risks.
2016,3,32.812774,132.642032,44,3,3 / NetID 3,2016-07-01,2016-07-01,168,23.819254989361703,0.20374022873444914,0.7832317895505101,0.19891616698614348,0.20374022873444914,0.7832317895505101,NA,High,High,2016,GAM: Jday + SST + depth + log10(CHL),glm_maxent_like,historical_oisst_yearly_mean,NOAA OISST historical,Yearly historical risk is the mean of daily historical risks.
2016,1,32.793914,132.628975,30,1,1 / NetID 1,2016-07-01,2016-07-01,168,23.819254989361703,0.17338725426534643,0.7537444269916068,0.17078547845810715,0.17338725426534643,0.7537444269916068,NA,High,High,2016,GAM: Jday + SST + depth + log10(CHL),glm_maxent_like,historical_oisst_yearly_mean,NOAA OISST historical,Yearly historical risk is the mean of daily historical risks.
2016,10,33.35765,133.337593,19,10,10 / NetID 10,2016-07-01,2016-07-01,168,23.644148585106382,0.09782048362571277,0.6636917511542673,0.17070174021217785,0.09782048362571277,0.6636917511542673,NA,Moderate,Moderate,2016,GAM: Jday + SST + depth + log10(CHL),glm_maxent_like,historical_oisst_yearly_mean,NOAA OISST historical,Yearly historical risk is the mean of daily historical risks.
2016,2,32.802579,132.633563,41,2,2 / NetID 2,2016-07-01,2016-07-01,168,23.819254989361703,0.07205821519913379,0.6101075729449283,0.1896407250588776,0.07205821519913379,0.6101075729449283,NA,Moderate,Moderate,2016,GAM: Jday + SST + depth + log10(CHL),glm_maxent_like,historical_oisst_yearly_mean,NOAA OISST historical,Yearly historical risk is the mean of daily historical risks.
2016,20,33.593837,134.379416,33,20,20 / NetID 20,2016-07-01,2016-07-01,168,23.31925495744681,0.05941310494967647,0.5628976470401574,0.16750258327667902,0.05941310494967647,0.5628976470401574,NA,Moderate,Moderate,2016,GAM: Jday + SST + depth + log10(CHL),glm_maxent_like,historical_oisst_yearly_mean,NOAA OISST historical,Yearly historical risk is the mean of daily historical risks.
2016,19,33.456354,134.256776,40,19,19 / NetID 19,2016-07-01,2016-07-01,168,23.812978521276595,0.05869965335254708,0.5798268995827185,0.21984177183409884,0.05869965335254708,0.5798268995827185,NA,Moderate,Moderate,2016,GAM: Jday + SST + depth + log10(CHL),glm_maxent_like,historical_oisst_yearly_mean,NOAA OISST historical,Yearly historical risk is the mean of daily historical risks.
2016,9,33.159542,133.224963,34,9,9 / NetID 9,2016-07-01,2016-07-01,168,23.96829764893617,0.055590132624617726,0.5675821473336824,0.21329917638913365,0.055590132624617726,0.5675821473336824,NA,Moderate,Moderate,2016,GAM: Jday + SST + depth + log10(CHL),glm_maxent_like,historical_oisst_yearly_mean,NOAA OISST historical,Yearly historical risk is the mean of daily historical risks.
2017,11,32.77052,133.019357,28,11,11 / NetID 11,2017-07-01,2017-07-01,212,26.323049382978724,0.29384186715875843,0.8266219239373602,0.19876270745484367,0.29384186715875843,0.8266219239373602,NA,High,High,2017,GAM: Jday + SST + depth + log10(CHL),glm_maxent_like,historical_oisst_yearly_mean,NOAA OISST historical,Yearly historical risk is the mean of daily historical risks.
2017,16,33.302961,134.204049,60,16,16 / NetID 16,2017-07-01,2017-07-01,212,26.201205319148936,0.2695839772981834,0.8250062142679593,0.23434291854333755,0.2695839772981834,0.8250062142679593,NA,High,High,2017,GAM: Jday + SST + depth + log10(CHL),glm_maxent_like,historical_oisst_yearly_mean,NOAA OISST historical,Yearly historical risk is the mean of daily historical risks.
2017,12,33.400017,134.011099,26,12,12 / NetID 12,2017-07-01,2017-07-01,212,26.201205319148936,0.24865126610365906,0.8086983885213216,0.12764054924388568,0.24865126610365906,0.8086983885213216,NA,High,High,2017,GAM: Jday + SST + depth + log10(CHL),glm_maxent_like,historical_oisst_yearly_mean,NOAA OISST historical,Yearly historical risk is the mean of daily historical risks.
2017,13,33.360612,134.043999,23,13,13 / NetID 13,2017-07-01,2017-07-01,212,26.201205319148936,0.2344591838475236,0.786723679269731,0.17821404891467577,0.2344591838475236,0.786723679269731,NA,High,High,2017,GAM: Jday + SST + depth + log10(CHL),glm_maxent_like,historical_oisst_yearly_mean,NOAA OISST historical,Yearly historical risk is the mean of daily historical risks.
2017,4,32.784353,132.703013,45,4,4 / NetID 4,2017-07-01,2017-07-01,212,25.469503226950355,0.22960451936363707,0.7924910488097694,0.21237399034724713,0.22960451936363707,0.7924910488097694,NA,High,High,2017,GAM: Jday + SST + depth + log10(CHL),glm_maxent_like,historical_oisst_yearly_mean,NOAA OISST historical,Yearly historical risk is the mean of daily historical risks.
2017,15,33.269809,134.202371,47,15,15 / NetID 15,2017-07-01,2017-07-01,212,26.201205319148936,0.22877706773080037,0.7844468772642412,0.20909143452474716,0.22877706773080037,0.7844468772642412,NA,High,High,2017,GAM: Jday + SST + depth + log10(CHL),glm_maxent_like,historical_oisst_yearly_mean,NOAA OISST historical,Yearly historical risk is the mean of daily historical risks.
2017,17,33.428671,134.243505,45,17,17 / NetID 17,2017-07-01,2017-07-01,212,26.201205319148936,0.2063602941243845,0.7741629248840444,0.16370065779689477,0.2063602941243845,0.7741629248840444,NA,High,High,2017,GAM: Jday + SST + depth + log10(CHL),glm_maxent_like,historical_oisst_yearly_mean,NOAA OISST historical,Yearly historical risk is the mean of daily historical risks.
2017,18,33.455525,134.256103,44,18,18 / NetID 18,2017-07-01,2017-07-01,212,25.99723370921986,0.20031655774920637,0.7597722669120641,0.19177048741337677,0.20031655774920637,0.7597722669120641,NA,High,High,2017,GAM: Jday + SST + depth + log10(CHL),glm_maxent_like,historical_oisst_yearly_mean,NOAA OISST historical,Yearly historical risk is the mean of daily historical risks.
2017,8,32.734923,133.029438,49,8,8 / NetID 8,2017-07-01,2017-07-01,212,26.665106028368793,0.1997569218757217,0.7501520512373004,0.24278297460202866,0.1997569218757217,0.7501520512373004,NA,High,High,2017,GAM: Jday + SST + depth + log10(CHL),glm_maxent_like,historical_oisst_yearly_mean,NOAA OISST historical,Yearly historical risk is the mean of daily historical risks.
2017,3,32.812774,132.642032,44,3,3 / NetID 3,2017-07-01,2017-07-01,212,25.469503226950355,0.17238970052574,0.7354572907907193,0.1686202186078937,0.17238970052574,0.7354572907907193,NA,Moderate,Moderate,2017,GAM: Jday + SST + depth + log10(CHL),glm_maxent_like,historical_oisst_yearly_mean,NOAA OISST historical,Yearly historical risk is the mean of daily historical risks.
2017,14,33.311698,134.201284,30,14,14 / NetID 14,2017-07-01,2017-07-01,212,26.201205319148936,0.15222710245608073,0.7186708341927533,0.13785107573234387,0.15222710245608073,0.7186708341927533,NA,Moderate,Moderate,2017,GAM: Jday + SST + depth + log10(CHL),glm_maxent_like,historical_oisst_yearly_mean,NOAA OISST historical,Yearly historical risk is the mean of daily historical risks.
2017,1,32.793914,132.628975,30,1,1 / NetID 1,2017-07-01,2017-07-01,212,25.469503226950355,0.14666557922626025,0.705322057742449,0.1448238936079365,0.14666557922626025,0.705322057742449,NA,Moderate,Moderate,2017,GAM: Jday + SST + depth + log10(CHL),glm_maxent_like,historical_oisst_yearly_mean,NOAA OISST historical,Yearly historical risk is the mean of daily historical risks.
2017,10,33.35765,133.337593,19,10,10 / NetID 10,2017-07-01,2017-07-01,212,26.101063489361703,0.08738156229711282,0.6041749303208678,0.14031237436955102,0.08738156229711282,0.6041749303208678,NA,Moderate,Moderate,2017,GAM: Jday + SST + depth + log10(CHL),glm_maxent_like,historical_oisst_yearly_mean,NOAA OISST historical,Yearly historical risk is the mean of daily historical risks.
2017,2,32.802579,132.633563,41,2,2 / NetID 2,2017-07-01,2017-07-01,212,25.469503226950355,0.06099854910086203,0.5562536690624653,0.16077265061637566,0.06099854910086203,0.5562536690624653,NA,Moderate,Moderate,2017,GAM: Jday + SST + depth + log10(CHL),glm_maxent_like,historical_oisst_yearly_mean,NOAA OISST historical,Yearly historical risk is the mean of daily historical risks.
2017,19,33.456354,134.256776,40,19,19 / NetID 19,2017-07-01,2017-07-01,212,25.99723370921986,0.05153298185285485,0.5233841581121318,0.18094272427823682,0.05153298185285485,0.5233841581121318,NA,Moderate,Moderate,2017,GAM: Jday + SST + depth + log10(CHL),glm_maxent_like,historical_oisst_yearly_mean,NOAA OISST historical,Yearly historical risk is the mean of daily historical risks.
2017,9,33.159542,133.224963,34,9,9 / NetID 9,2017-07-01,2017-07-01,212,26.095673418439716,0.04952119423575195,0.5104241039554477,0.18238504588605306,0.04952119423575195,0.5104241039554477,NA,Moderate,Moderate,2017,GAM: Jday + SST + depth + log10(CHL),glm_maxent_like,historical_oisst_yearly_mean,NOAA OISST historical,Yearly historical risk is the mean of daily historical risks.
2017,20,33.593837,134.379416,33,20,20 / NetID 20,2017-07-01,2017-07-01,212,25.54439685106383,0.040683221578304056,0.491241848731496,0.11018663385167535,0.040683221578304056,0.491241848731496,NA,Low,Low,2017,GAM: Jday + SST + depth + log10(CHL),glm_maxent_like,historical_oisst_yearly_mean,NOAA OISST historical,Yearly historical risk is the mean of daily historical risks.
2018,16,33.302961,134.204049,60,16,16 / NetID 16,2018-07-01,2018-07-01,222,25.073181517045455,0.2289447582033442,0.7811991559894245,0.20390947131996814,0.2289447582033442,0.7811991559894245,NA,High,High,2018,GAM: Jday + SST + depth + log10(CHL),glm_maxent_like,historical_oisst_yearly_mean,NOAA OISST historical,Yearly historical risk is the mean of daily historical risks.
2018,11,32.77052,133.019357,28,11,11 / NetID 11,2018-07-01,2018-07-01,222,25.599545113636363,0.19454047542338185,0.7356408040132872,0.11836930919643796,0.19454047542338185,0.7356408040132872,NA,Moderate,Moderate,2018,GAM: Jday + SST + depth + log10(CHL),glm_maxent_like,historical_oisst_yearly_mean,NOAA OISST historical,Yearly historical risk is the mean of daily historical risks.
2018,12,33.400017,134.011099,26,12,12 / NetID 12,2018-07-01,2018-07-01,222,25.073181517045455,0.18415796295867987,0.7103607382550335,0.09865394179794103,0.18415796295867987,0.7103607382550335,NA,Moderate,Moderate,2018,GAM: Jday + SST + depth + log10(CHL),glm_maxent_like,historical_oisst_yearly_mean,NOAA OISST historical,Yearly historical risk is the mean of daily historical risks.
2018,17,33.428671,134.243505,45,17,17 / NetID 17,2018-07-01,2018-07-01,222,25.073181517045455,0.17391264880436208,0.7294145312182225,0.14075349031882295,0.17391264880436208,0.7294145312182225,NA,Moderate,Moderate,2018,GAM: Jday + SST + depth + log10(CHL),glm_maxent_like,historical_oisst_yearly_mean,NOAA OISST historical,Yearly historical risk is the mean of daily historical risks.
2018,4,32.784353,132.703013,45,4,4 / NetID 4,2018-07-01,2018-07-01,222,24.97585190909091,0.15858692494202853,0.7011007728289608,0.13676931300967327,0.15858692494202853,0.7011007728289608,NA,Moderate,Moderate,2018,GAM: Jday + SST + depth + log10(CHL),glm_maxent_like,historical_oisst_yearly_mean,NOAA OISST historical,Yearly historical risk is the mean of daily historical risks.
2018,13,33.360612,134.043999,23,13,13 / NetID 13,2018-07-01,2018-07-01,222,25.073181517045455,0.15485933992301104,0.6781108060470477,0.11041750506538292,0.15485933992301104,0.6781108060470477,NA,Moderate,Moderate,2018,GAM: Jday + SST + depth + log10(CHL),glm_maxent_like,historical_oisst_yearly_mean,NOAA OISST historical,Yearly historical risk is the mean of daily historical risks.
2018,15,33.269809,134.202371,47,15,15 / NetID 15,2018-07-01,2018-07-01,222,25.073181517045455,0.14080460039036655,0.6794115653176056,0.11946508132154222,0.14080460039036655,0.6794115653176056,NA,Moderate,Moderate,2018,GAM: Jday + SST + depth + log10(CHL),glm_maxent_like,historical_oisst_yearly_mean,NOAA OISST historical,Yearly historical risk is the mean of daily historical risks.
2018,18,33.455525,134.256103,44,18,18 / NetID 18,2018-07-01,2018-07-01,222,24.957215551136365,0.13701644572439833,0.6580952138838045,0.12460210966552106,0.13701644572439833,0.6580952138838045,NA,Moderate,Moderate,2018,GAM: Jday + SST + depth + log10(CHL),glm_maxent_like,historical_oisst_yearly_mean,NOAA OISST historical,Yearly historical risk is the mean of daily historical risks.
2018,8,32.734923,133.029438,49,8,8 / NetID 8,2018-07-01,2018-07-01,222,26.106590642045454,0.13375718706373751,0.6664548166226019,0.15260373522280954,0.13375718706373751,0.6664548166226019,NA,Moderate,Moderate,2018,GAM: Jday + SST + depth + log10(CHL),glm_maxent_like,historical_oisst_yearly_mean,NOAA OISST historical,Yearly historical risk is the mean of daily historical risks.
2018,14,33.311698,134.201284,30,14,14 / NetID 14,2018-07-01,2018-07-01,222,25.073181517045455,0.12746321846151323,0.6721006202969291,0.11803455708640091,0.12746321846151323,0.6721006202969291,NA,Moderate,Moderate,2018,GAM: Jday + SST + depth + log10(CHL),glm_maxent_like,historical_oisst_yearly_mean,NOAA OISST historical,Yearly historical risk is the mean of daily historical risks.
2018,3,32.812774,132.642032,44,3,3 / NetID 3,2018-07-01,2018-07-01,222,24.97585190909091,0.11841990630346833,0.6336667853026914,0.1131553792011003,0.11841990630346833,0.6336667853026914,NA,Moderate,Moderate,2018,GAM: Jday + SST + depth + log10(CHL),glm_maxent_like,historical_oisst_yearly_mean,NOAA OISST historical,Yearly historical risk is the mean of daily historical risks.
2018,1,32.793914,132.628975,30,1,1 / NetID 1,2018-07-01,2018-07-01,222,24.97585190909091,0.09955848439853722,0.60337434750186425,0.09595123277409735,0.09955848439853722,0.60337434750186425,NA,Moderate,Moderate,2018,GAM: Jday + SST + depth + log10(CHL),glm_maxent_like,historical_oisst_yearly_mean,NOAA OISST historical,Yearly historical risk is the mean of daily historical risks.
2018,10,33.35765,133.337593,19,10,10 / NetID 10,2018-07-01,2018-07-01,222,25.12846555681818,0.055283098709946105,0.5090608263846519,0.09145719581569485,0.055283098709946105,0.5090608263846519,NA,Moderate,Moderate,2018,GAM: Jday + SST + depth + log10(CHL),glm_maxent_like,historical_oisst_yearly_mean,NOAA OISST historical,Yearly historical risk is the mean of daily historical risks.
2018,2,32.802579,132.633563,41,2,2 / NetID 2,2018-07-01,2018-07-01,222,24.97585190909091,0.039692095916816786,0.4503720086773778,0.10743729383276088,0.039692095916816786,0.4503720086773778,NA,Low,Low,2018,GAM: Jday + SST + depth + log10(CHL),glm_maxent_like,historical_oisst_yearly_mean,NOAA OISST historical,Yearly historical risk is the mean of daily historical risks.
2018,19,33.456354,134.256776,40,19,19 / NetID 19,2018-07-01,2018-07-01,222,24.957215551136365,0.03379048796199894,0.41141702257474067,0.11706409559775612,0.03379048796199894,0.41141702257474067,NA,Low,Low,2018,GAM: Jday + SST + depth + log10(CHL),glm_maxent_like,historical_oisst_yearly_mean,NOAA OISST historical,Yearly historical risk is the mean of daily historical risks.
2018,9,33.159542,133.224963,34,9,9 / NetID 9,2018-07-01,2018-07-01,222,25.272158823863638,0.030979416615536173,0.39805775879601385,0.11490742274899635,0.030979416615536173,0.39805775879601385,NA,Low,Low,2018,GAM: Jday + SST + depth + log10(CHL),glm_maxent_like,historical_oisst_yearly_mean,NOAA OISST historical,Yearly historical risk is the mean of daily historical risks.
2018,20,33.593837,134.379416,33,20,20 / NetID 20,2018-07-01,2018-07-01,222,24.755113329545456,0.02724164741189864,0.38891007389329535,0.07438392899661105,0.02724164741189864,0.38891007389329535,NA,Low,Low,2018,GAM: Jday + SST + depth + log10(CHL),glm_maxent_like,historical_oisst_yearly_mean,NOAA OISST historical,Yearly historical risk is the mean of daily historical risks.
2019,16,33.302961,134.204049,60,16,16 / NetID 16,2019-07-01,2019-07-01,190,25.147272327272727,0.32548809967871073,0.8758592637787268,0.3182624713577919,0.32548809967871073,0.8758592637787268,NA,High,High,2019,GAM: Jday + SST + depth + log10(CHL),glm_maxent_like,historical_oisst_yearly_mean,NOAA OISST historical,Yearly historical risk is the mean of daily historical risks.
2019,12,33.400017,134.011099,26,12,12 / NetID 12,2019-07-01,2019-07-01,190,25.147272327272727,0.28097811280630136,0.8419903735339977,0.1646674394731655,0.28097811280630136,0.8419903735339977,NA,High,High,2019,GAM: Jday + SST + depth + log10(CHL),glm_maxent_like,historical_oisst_yearly_mean,NOAA OISST historical,Yearly historical risk is the mean of daily historical risks.
2019,11,32.77052,133.019357,28,11,11 / NetID 11,2019-07-01,2019-07-01,190,25.309908772727272,0.27203581428467477,0.8394854586129754,0.1772879679496803,0.27203581428467477,0.8394854586129754,NA,High,High,2019,GAM: Jday + SST + depth + log10(CHL),glm_maxent_like,historical_oisst_yearly_mean,NOAA OISST historical,Yearly historical risk is the mean of daily historical risks.
2019,13,33.360612,134.043999,23,13,13 / NetID 13,2019-07-01,2019-07-01,190,25.147272327272727,0.2650125179928661,0.8292420852823538,0.2222664797425429,0.2650125179928661,0.8292420852823538,NA,High,High,2019,GAM: Jday + SST + depth + log10(CHL),glm_maxent_like,historical_oisst_yearly_mean,NOAA OISST historical,Yearly historical risk is the mean of daily historical risks.
2019,4,32.784353,132.703013,45,4,4 / NetID 4,2019-07-01,2019-07-01,190,25.034181472727273,0.2528661315510639,0.8314317673378077,0.23255754500502376,0.2528661315510639,0.8314317673378077,NA,High,High,2019,GAM: Jday + SST + depth + log10(CHL),glm_maxent_like,historical_oisst_yearly_mean,NOAA OISST historical,Yearly historical risk is the mean of daily historical risks.
2019,15,33.269809,134.202371,47,15,15 / NetID 15,2019-07-01,2019-07-01,190,25.147272327272727,0.2513000227183496,0.8261846654464104,0.25539237567328016,0.2513000227183496,0.8261846654464104,NA,High,High,2019,GAM: Jday + SST + depth + log10(CHL),glm_maxent_like,historical_oisst_yearly_mean,NOAA OISST historical,Yearly historical risk is the mean of daily historical risks.
2019,17,33.428671,134.243505,45,17,17 / NetID 17,2019-07-01,2019-07-01,190,25.147272327272727,0.25049392767575274,0.8259846790048132,0.22568601960033072,0.25049392767575274,0.8259846790048132,NA,High,High,2019,GAM: Jday + SST + depth + log10(CHL),glm_maxent_like,historical_oisst_yearly_mean,NOAA OISST historical,Yearly historical risk is the mean of daily historical risks.
2019,18,33.455525,134.256103,44,18,18 / NetID 18,2019-07-01,2019-07-01,190,25.047363263636363,0.2453089889598083,0.8190021015524371,0.2620987147799465,0.2453089889598083,0.8190021015524371,NA,High,High,2019,GAM: Jday + SST + depth + log10(CHL),glm_maxent_like,historical_oisst_yearly_mean,NOAA OISST historical,Yearly historical risk is the mean of daily historical risks.
2019,3,32.812774,132.642032,44,3,3 / NetID 3,2019-07-01,2019-07-01,190,25.034181472727273,0.1999723879232335,0.7871940885363704,0.2028854504290922,0.1999723879232335,0.7871940885363704,NA,High,High,2019,GAM: Jday + SST + depth + log10(CHL),glm_maxent_like,historical_oisst_yearly_mean,NOAA OISST historical,Yearly historical risk is the mean of daily historical risks.
2019,8,32.734923,133.029438,49,8,8 / NetID 8,2019-07-01,2019-07-01,190,25.792817927272726,0.18683422236647979,0.7702460850111856,0.23420996322343204,0.18683422236647979,0.7702460850111856,NA,High,High,2019,GAM: Jday + SST + depth + log10(CHL),glm_maxent_like,historical_oisst_yearly_mean,NOAA OISST historical,Yearly historical risk is the mean of daily historical risks.
2019,14,33.311698,134.201284,30,14,14 / NetID 14,2019-07-01,2019-07-01,190,25.147272327272727,0.18544698103409074,0.7709477323571283,0.19100739665165584,0.18544698103409074,0.7709477323571283,NA,High,High,2019,GAM: Jday + SST + depth + log10(CHL),glm_maxent_like,historical_oisst_yearly_mean,NOAA OISST historical,Yearly historical risk is the mean of daily historical risks.
2019,1,32.793914,132.628975,30,1,1 / NetID 1,2019-07-01,2019-07-01,190,25.034181472727273,0.1693792964796711,0.7581486000949088,0.17366615353371373,0.1693792964796711,0.7581486000949088,NA,High,High,2019,GAM: Jday + SST + depth + log10(CHL),glm_maxent_like,historical_oisst_yearly_mean,NOAA OISST historical,Yearly historical risk is the mean of daily historical risks.
2019,2,32.802579,132.633563,41,2,2 / NetID 2,2019-07-01,2019-07-01,190,25.034181472727273,0.06914973841235914,0.6149210223035726,0.19323615276153094,0.06914973841235914,0.6149210223035726,NA,Moderate,Moderate,2019,GAM: Jday + SST + depth + log10(CHL),glm_maxent_like,historical_oisst_yearly_mean,NOAA OISST historical,Yearly historical risk is the mean of daily historical risks.
2019,19,33.456354,134.256776,40,19,19 / NetID 19,2019-07-01,2019-07-01,190,25.047363263636363,0.06231668698566848,0.5898820418954647,0.24775906402300704,0.06231668698566848,0.5898820418954647,NA,Moderate,Moderate,2019,GAM: Jday + SST + depth + log10(CHL),glm_maxent_like,historical_oisst_yearly_mean,NOAA OISST historical,Yearly historical risk is the mean of daily historical risks.
2019,10,33.35765,133.337593,19,10,10 / NetID 10,2019-07-01,2019-07-01,190,24.968636027272726,0.06204722814820392,0.5960341671751068,0.10999475921027516,0.06204722814820392,0.5960341671751068,NA,Moderate,Moderate,2019,GAM: Jday + SST + depth + log10(CHL),glm_maxent_like,historical_oisst_yearly_mean,NOAA OISST historical,Yearly historical risk is the mean of daily historical risks.
2019,20,33.593837,134.379416,33,20,20 / NetID 20,2019-07-01,2019-07-01,190,24.938272463636363,0.05317533281567981,0.5645583350281337,0.1639306386846512,0.05317533281567981,0.5645583350281337,NA,Moderate,Moderate,2019,GAM: Jday + SST + depth + log10(CHL),glm_maxent_like,historical_oisst_yearly_mean,NOAA OISST historical,Yearly historical risk is the mean of daily historical risks.
2019,9,33.159542,133.224963,34,9,9 / NetID 9,2019-07-01,2019-07-01,190,25.046454245454544,0.04275341757872665,0.5265676903260796,0.17066936691924894,0.04275341757872665,0.5265676903260796,NA,Moderate,Moderate,2019,GAM: Jday + SST + depth + log10(CHL),glm_maxent_like,historical_oisst_yearly_mean,NOAA OISST historical,Yearly historical risk is the mean of daily historical risks.
2020,16,33.302961,134.204049,60,16,16 / NetID 16,2020-07-01,2020-07-01,248,25.536020107142857,0.18544011519030149,0.7317528801229665,0.16975313140758846,0.18544011519030149,0.7317528801229665,NA,Moderate,Moderate,2020,GAM: Jday + SST + depth + log10(CHL),glm_maxent_like,historical_oisst_yearly_mean,NOAA OISST historical,Yearly historical risk is the mean of daily historical risks.
2020,11,32.77052,133.019357,28,11,11 / NetID 11,2020-07-01,2020-07-01,248,25.507958887755102,0.1484360962798281,0.6982871448355629,0.087446059378614,0.1484360962798281,0.6982871448355629,NA,Moderate,Moderate,2020,GAM: Jday + SST + depth + log10(CHL),glm_maxent_like,historical_oisst_yearly_mean,NOAA OISST historical,Yearly historical risk is the mean of daily historical risks.
2020,12,33.400017,134.011099,26,12,12 / NetID 12,2020-07-01,2020-07-01,248,25.536020107142857,0.1415666186402506,0.6851382611210032,0.068918403855095,0.1415666186402506,0.6851382611210032,NA,Moderate,Moderate,2020,GAM: Jday + SST + depth + log10(CHL),glm_maxent_like,historical_oisst_yearly_mean,NOAA OISST historical,Yearly historical risk is the mean of daily historical risks.
2020,17,33.428671,134.243505,45,17,17 / NetID 17,2020-07-01,2020-07-01,248,25.536020107142857,0.14003766878078308,0.6775574883197126,0.11853069774462908,0.14003766878078308,0.6775574883197126,NA,Moderate,Moderate,2020,GAM: Jday + SST + depth + log10(CHL),glm_maxent_like,historical_oisst_yearly_mean,NOAA OISST historical,Yearly historical risk is the mean of daily historical risks.
2020,13,33.360612,134.043999,23,13,13 / NetID 13,2020-07-01,2020-07-01,248,25.536020107142857,0.12344198436957228,0.6537346482217048,0.08702353763813293,0.12344198436957228,0.6537346482217048,NA,Moderate,Moderate,2020,GAM: Jday + SST + depth + log10(CHL),glm_maxent_like,historical_oisst_yearly_mean,NOAA OISST historical,Yearly historical risk is the mean of daily historical risks.
2020,4,32.784353,132.703013,45,4,4 / NetID 4,2020-07-01,2020-07-01,248,24.91938743367347,0.12279047956803862,0.6590839915384499,0.10656132712103297,0.12279047956803862,0.6590839915384499,NA,Moderate,Moderate,2020,GAM: Jday + SST + depth + log10(CHL),glm_maxent_like,historical_oisst_yearly_mean,NOAA OISST historical,Yearly historical risk is the mean of daily historical risks.
2020,18,33.455525,134.256103,44,18,18 / NetID 18,2020-07-01,2020-07-01,248,25.515611964285714,0.11453914493117778,0.6435172503005676,0.10925713454029395,0.11453914493117778,0.6435172503005676,NA,Moderate,Moderate,2020,GAM: Jday + SST + depth + log10(CHL),glm_maxent_like,historical_oisst_yearly_mean,NOAA OISST historical,Yearly historical risk is the mean of daily historical risks.
2020,15,33.269809,134.202371,47,15,15 / NetID 15,2020-07-01,2020-07-01,248,25.536020107142857,0.1074189527207295,0.6522127866806678,0.09507314674369222,0.1074189527207295,0.6522127866806678,NA,Moderate,Moderate,2020,GAM: Jday + SST + depth + log10(CHL),glm_maxent_like,historical_oisst_yearly_mean,NOAA OISST historical,Yearly historical risk is the mean of daily historical risks.
2020,14,33.311698,134.201284,30,14,14 / NetID 14,2020-07-01,2020-07-01,248,25.536020107142857,0.10221344973342959,0.6186671536623598,0.09983142445482504,0.10221344973342959,0.6186671536623598,NA,Moderate,Moderate,2020,GAM: Jday + SST + depth + log10(CHL),glm_maxent_like,historical_oisst_yearly_mean,NOAA OISST historical,Yearly historical risk is the mean of daily historical risks.
2020,8,32.734923,133.029438,49,8,8 / NetID 8,2020-07-01,2020-07-01,248,25.66581600510204,0.09061243710249009,0.6084212208373282,0.10894518417994077,0.09061243710249009,0.6084212208373282,NA,Moderate,Moderate,2020,GAM: Jday + SST + depth + log10(CHL),glm_maxent_like,historical_oisst_yearly_mean,NOAA OISST historical,Yearly historical risk is the mean of daily historical risks.
2020,3,32.812774,132.642032,44,3,3 / NetID 3,2020-07-01,2020-07-01,248,24.91938743367347,0.08761821613667947,0.602075058211204,0.08492817983614001,0.08761821613667947,0.602075058211204,NA,Moderate,Moderate,2020,GAM: Jday + SST + depth + log10(CHL),glm_maxent_like,historical_oisst_yearly_mean,NOAA OISST historical,Yearly historical risk is the mean of daily historical risks.
2020,1,32.793914,132.628975,30,1,1 / NetID 1,2020-07-01,2020-07-01,248,24.91938743367347,0.07307846231233803,0.569807788887367,0.07180028811432176,0.07307846231233803,0.569807788887367,NA,Moderate,Moderate,2020,GAM: Jday + SST + depth + log10(CHL),glm_maxent_like,historical_oisst_yearly_mean,NOAA OISST historical,Yearly historical risk is the mean of daily historical risks.
2020,10,33.35765,133.337593,19,10,10 / NetID 10,2020-07-01,2020-07-01,248,25.405356846938776,0.03357369682334776,0.4370748299319728,0.05807595399823241,0.03357369682334776,0.4370748299319728,NA,Low,Low,2020,GAM: Jday + SST + depth + log10(CHL),glm_maxent_like,historical_oisst_yearly_mean,NOAA OISST historical,Yearly historical risk is the mean of daily historical risks.
2020,2,32.802579,132.633563,41,2,2 / NetID 2,2020-07-01,2020-07-01,248,24.91938743367347,0.02838805032725112,0.4111955744266387,0.08055626904729593,0.02838805032725112,0.4111955744266387,NA,Low,Low,2020,GAM: Jday + SST + depth + log10(CHL),glm_maxent_like,historical_oisst_yearly_mean,NOAA OISST historical,Yearly historical risk is the mean of daily historical risks.
2020,19,33.456354,134.256776,40,19,19 / NetID 19,2020-07-01,2020-07-01,248,25.515611964285714,0.02734722343156897,0.3918146677015325,0.10255708421650683,0.02734722343156897,0.3918146677015325,NA,Low,Low,2020,GAM: Jday + SST + depth + log10(CHL),glm_maxent_like,historical_oisst_yearly_mean,NOAA OISST historical,Yearly historical risk is the mean of daily historical risks.
2020,20,33.593837,134.379416,33,20,20 / NetID 20,2020-07-01,2020-07-01,248,25.39714257142857,0.02240545750242353,0.37062084341566603,0.06492460306151424,0.02240545750242353,0.37062084341566603,NA,Low,Low,2020,GAM: Jday + SST + depth + log10(CHL),glm_maxent_like,historical_oisst_yearly_mean,NOAA OISST historical,Yearly historical risk is the mean of daily historical risks.
2020,9,33.159542,133.224963,34,9,9 / NetID 9,2020-07-01,2020-07-01,248,25.390713908163264,0.02172726823716414,0.3564047542954542,0.08488171194174723,0.02172726823716414,0.3564047542954542,NA,Low,Low,2020,GAM: Jday + SST + depth + log10(CHL),glm_maxent_like,historical_oisst_yearly_mean,NOAA OISST historical,Yearly historical risk is the mean of daily historical risks.
2021,11,32.77052,133.019357,28,11,11 / NetID 11,2021-07-01,2021-07-01,152,22.2416665,0.46396041696765783,0.9587994034302759,0.2905888334620328,0.46396041696765783,0.9587994034302759,NA,Very high,Very high,2021,GAM: Jday + SST + depth + log10(CHL),glm_maxent_like,historical_oisst_yearly_mean,NOAA OISST historical,Yearly historical risk is the mean of daily historical risks.
2021,12,33.400017,134.011099,26,12,12 / NetID 12,2021-07-01,2021-07-01,152,21.145,0.4626852300207635,0.9586751180710912,0.23053684861100804,0.4626852300207635,0.9586751180710912,NA,Very high,Very high,2021,GAM: Jday + SST + depth + log10(CHL),glm_maxent_like,historical_oisst_yearly_mean,NOAA OISST historical,Yearly historical risk is the mean of daily historical risks.
2021,4,32.784353,132.703013,45,4,4 / NetID 4,2021-07-01,2021-07-01,152,22.289999833333333,0.43031616353343566,0.9448794432015909,0.35061737526883563,0.43031616353343566,0.9448794432015909,NA,Very high,Very high,2021,GAM: Jday + SST + depth + log10(CHL),glm_maxent_like,historical_oisst_yearly_mean,NOAA OISST historical,Yearly historical risk is the mean of daily historical risks.
2021,16,33.302961,134.204049,60,16,16 / NetID 16,2021-07-01,2021-07-01,152,21.145,0.41182767266977627,0.9364901814566244,0.30674361953783,0.41182767266977627,0.9364901814566244,NA,Very high,Very high,2021,GAM: Jday + SST + depth + log10(CHL),glm_maxent_like,historical_oisst_yearly_mean,NOAA OISST historical,Yearly historical risk is the mean of daily historical risks.
2021,13,33.360612,134.043999,23,13,13 / NetID 13,2021-07-01,2021-07-01,152,21.145,0.39202392091583493,0.9269202087994034,0.2597151110536841,0.39202392091583493,0.9269202087994034,NA,Very high,Very high,2021,GAM: Jday + SST + depth + log10(CHL),glm_maxent_like,historical_oisst_yearly_mean,NOAA OISST historical,Yearly historical risk is the mean of daily historical risks.
2021,15,33.269809,134.202371,47,15,15 / NetID 15,2021-07-01,2021-07-01,152,21.145,0.3844589774174838,0.9221973651503853,0.3079108493859938,0.3844589774174838,0.9221973651503853,NA,Very high,Very high,2021,GAM: Jday + SST + depth + log10(CHL),glm_maxent_like,historical_oisst_yearly_mean,NOAA OISST historical,Yearly historical risk is the mean of daily historical risks.
2021,18,33.455525,134.256103,44,18,18 / NetID 18,2021-07-01,2021-07-01,152,21.098332666666668,0.34547994289464035,0.8985210042257022,0.2781057349375471,0.34547994289464035,0.8985210042257022,NA,High,High,2021,GAM: Jday + SST + depth + log10(CHL),glm_maxent_like,historical_oisst_yearly_mean,NOAA OISST historical,Yearly historical risk is the mean of daily historical risks.
2021,8,32.734923,133.029438,49,8,8 / NetID 8,2021-07-01,2021-07-01,152,23.344999833333333,0.3299610096795183,0.8889510315684812,0.37407891997425335,0.3299610096795183,0.8889510315684812,NA,High,High,2021,GAM: Jday + SST + depth + log10(CHL),glm_maxent_like,historical_oisst_yearly_mean,NOAA OISST historical,Yearly historical risk is the mean of daily historical risks.
2021,17,33.428671,134.243505,45,17,17 / NetID 17,2021-07-01,2021-07-01,152,21.145,0.32064633718985774,0.8832960477255779,0.21243920238847747,0.32064633718985774,0.8832960477255779,NA,High,High,2021,GAM: Jday + SST + depth + log10(CHL),glm_maxent_like,historical_oisst_yearly_mean,NOAA OISST historical,Yearly historical risk is the mean of daily historical risks.
2021,3,32.812774,132.642032,44,3,3 / NetID 3,2021-07-01,2021-07-01,152,22.289999833333333,0.311333142691638,0.8777653492418593,0.26029197262126524,0.311333142691638,0.8777653492418593,NA,High,High,2021,GAM: Jday + SST + depth + log10(CHL),glm_maxent_like,historical_oisst_yearly_mean,NOAA OISST historical,Yearly historical risk is the mean of daily historical risks.
2021,1,32.793914,132.628975,30,1,1 / NetID 1,2021-07-01,2021-07-01,152,22.289999833333333,0.2676730345846189,0.851168282376336,0.22438550704705978,0.2676730345846189,0.851168282376336,NA,High,High,2021,GAM: Jday + SST + depth + log10(CHL),glm_maxent_like,historical_oisst_yearly_mean,NOAA OISST historical,Yearly historical risk is the mean of daily historical risks.
2021,14,33.311698,134.201284,30,14,14 / NetID 14,2021-07-01,2021-07-01,152,21.145,0.23911868737361877,0.8338304747700721,0.1780963545310302,0.23911868737361877,0.8338304747700721,NA,High,High,2021,GAM: Jday + SST + depth + log10(CHL),glm_maxent_like,historical_oisst_yearly_mean,NOAA OISST historical,Yearly historical risk is the mean of daily historical risks.
2021,10,33.35765,133.337593,19,10,10 / NetID 10,2021-07-01,2021-07-01,152,21.00333283333333,0.11773186258152728,0.7153865274670644,0.1529157424050477,0.11773186258152728,0.7153865274670644,NA,Moderate,Moderate,2021,GAM: Jday + SST + depth + log10(CHL),glm_maxent_like,historical_oisst_yearly_mean,NOAA OISST historical,Yearly historical risk is the mean of daily historical risks.
2021,2,32.802579,132.633563,41,2,2 / NetID 2,2021-07-01,2021-07-01,152,22.289999833333333,0.11453526763094442,0.711160825254785,0.24849535134050438,0.11453526763094442,0.711160825254785,NA,Moderate,Moderate,2021,GAM: Jday + SST + depth + log10(CHL),glm_maxent_like,historical_oisst_yearly_mean,NOAA OISST historical,Yearly historical risk is the mean of daily historical risks.
2021,19,33.456354,134.256776,40,19,19 / NetID 19,2021-07-01,2021-07-01,152,21.098332666666668,0.09197402328683806,0.6731916480238628,0.26227413852500964,0.09197402328683806,0.6731916480238628,NA,Moderate,Moderate,2021,GAM: Jday + SST + depth + log10(CHL),glm_maxent_like,historical_oisst_yearly_mean,NOAA OISST historical,Yearly historical risk is the mean of daily historical risks.
2021,20,33.593837,134.379416,33,20,20 / NetID 20,2021-07-01,2021-07-01,152,21.438333333333333,0.08412598999828466,0.6616331096196868,0.18801563597943116,0.08412598999828466,0.6616331096196868,NA,Moderate,Moderate,2021,GAM: Jday + SST + depth + log10(CHL),glm_maxent_like,historical_oisst_yearly_mean,NOAA OISST historical,Yearly historical risk is the mean of daily historical risks.
2021,9,33.159542,133.224963,34,9,9 / NetID 9,2021-07-01,2021-07-01,152,21.54999983333333,0.08273151234132442,0.6587124036788466,0.2622060161737193,0.08273151234132442,0.6587124036788466,NA,Moderate,Moderate,2021,GAM: Jday + SST + depth + log10(CHL),glm_maxent_like,historical_oisst_yearly_mean,NOAA OISST historical,Yearly historical risk is the mean of daily historical risks.
2022,11,32.77052,133.019357,28,11,11 / NetID 11,2022-07-01,2022-07-01,250,25.86357112755102,0.19306469060166648,0.7239913862636778,0.12281430350755464,0.19306469060166648,0.7239913862636778,NA,Moderate,Moderate,2022,GAM: Jday + SST + depth + log10(CHL),glm_maxent_like,historical_oisst_yearly_mean,NOAA OISST historical,Yearly historical risk is the mean of daily historical risks.
2022,12,33.400017,134.011099,26,12,12 / NetID 12,2022-07-01,2022-07-01,250,25.701581295918366,0.19235669299621283,0.705184982270313,0.10671745891954237,0.19235669299621283,0.705184982270313,NA,Moderate,Moderate,2022,GAM: Jday + SST + depth + log10(CHL),glm_maxent_like,historical_oisst_yearly_mean,NOAA OISST historical,Yearly historical risk is the mean of daily historical risks.
2022,16,33.302961,134.204049,60,16,16 / NetID 16,2022-07-01,2022-07-01,250,25.701581295918366,0.18470028018909163,0.7263616856138428,0.15344191854482794,0.18470028018909163,0.7263616856138428,NA,Moderate,Moderate,2022,GAM: Jday + SST + depth + log10(CHL),glm_maxent_like,historical_oisst_yearly_mean,NOAA OISST historical,Yearly historical risk is the mean of daily historical risks.
2022,13,33.360612,134.043999,23,13,13 / NetID 13,2022-07-01,2022-07-01,250,25.701581295918366,0.1675255192533591,0.6828193245978481,0.1265590986388169,0.1675255192533591,0.6828193245978481,NA,Moderate,Moderate,2022,GAM: Jday + SST + depth + log10(CHL),glm_maxent_like,historical_oisst_yearly_mean,NOAA OISST historical,Yearly historical risk is the mean of daily historical risks.
2022,18,33.455525,134.256103,44,18,18 / NetID 18,2022-07-01,2022-07-01,250,25.62846904591837,0.1605091880648425,0.6857964662375017,0.15553609786678002,0.1605091880648425,0.6857964662375017,NA,Moderate,Moderate,2022,GAM: Jday + SST + depth + log10(CHL),glm_maxent_like,historical_oisst_yearly_mean,NOAA OISST historical,Yearly historical risk is the mean of daily historical risks.
2022,4,32.784353,132.703013,45,4,4 / NetID 4,2022-07-01,2022-07-01,250,25.335611974489797,0.14492831425275415,0.6778637629548464,0.11974548389943912,0.14492831425275415,0.6778637629548464,NA,Moderate,Moderate,2022,GAM: Jday + SST + depth + log10(CHL),glm_maxent_like,historical_oisst_yearly_mean,NOAA OISST historical,Yearly historical risk is the mean of daily historical risks.
2022,15,33.269809,134.202371,47,15,15 / NetID 15,2022-07-01,2022-07-01,250,25.701581295918366,0.14132182464742826,0.6753507890852091,0.1198704205171594,0.14132182464742826,0.6753507890852091,NA,Moderate,Moderate,2022,GAM: Jday + SST + depth + log10(CHL),glm_maxent_like,historical_oisst_yearly_mean,NOAA OISST historical,Yearly historical risk is the mean of daily historical risks.
2022,17,33.428671,134.243505,45,17,17 / NetID 17,2022-07-01,2022-07-01,250,25.701581295918366,0.13958404843235786,0.6721510751951787,0.10628271835043551,0.13958404843235786,0.6721510751951787,NA,Moderate,Moderate,2022,GAM: Jday + SST + depth + log10(CHL),glm_maxent_like,historical_oisst_yearly_mean,NOAA OISST historical,Yearly historical risk is the mean of daily historical risks.
2022,8,32.734923,133.029438,49,8,8 / NetID 8,2022-07-01,2022-07-01,250,26.03132625,0.123743912052996,0.6392769635818534,0.1430629902611175,0.123743912052996,0.6392769635818534,NA,Moderate,Moderate,2022,GAM: Jday + SST + depth + log10(CHL),glm_maxent_like,historical_oisst_yearly_mean,NOAA OISST historical,Yearly historical risk is the mean of daily historical risks.
2022,14,33.311698,134.201284,30,14,14 / NetID 14,2022-07-01,2022-07-01,250,25.701581295918366,0.10191353152078517,0.6129316379795766,0.08924955986809907,0.10191353152078517,0.6129316379795766,NA,Moderate,Moderate,2022,GAM: Jday + SST + depth + log10(CHL),glm_maxent_like,historical_oisst_yearly_mean,NOAA OISST historical,Yearly historical risk is the mean of daily historical risks.
2022,3,32.812774,132.642032,44,3,3 / NetID 3,2022-07-01,2022-07-01,250,25.335611974489797,0.09697909877579303,0.5993300004565585,0.08586014182994367,0.09697909877579303,0.5993300004565585,NA,Moderate,Moderate,2022,GAM: Jday + SST + depth + log10(CHL),glm_maxent_like,historical_oisst_yearly_mean,NOAA OISST historical,Yearly historical risk is the mean of daily historical risks.
2022,1,32.793914,132.628975,30,1,1 / NetID 1,2022-07-01,2022-07-01,250,25.335611974489797,0.08127832752583092,0.5670418055365323,0.07277093095308586,0.08127832752583092,0.5670418055365323,NA,Moderate,Moderate,2022,GAM: Jday + SST + depth + log10(CHL),glm_maxent_like,historical_oisst_yearly_mean,NOAA OISST historical,Yearly historical risk is the mean of daily historical risks.
2022,10,33.35765,133.337593,19,10,10 / NetID 10,2022-07-01,2022-07-01,250,25.752601729591838,0.05747361990691539,0.4788803664642591,0.089709475878563,0.05747361990691539,0.4788803664642591,NA,Low,Low,2022,GAM: Jday + SST + depth + log10(CHL),glm_maxent_like,historical_oisst_yearly_mean,NOAA OISST historical,Yearly historical risk is the mean of daily historical risks.
2022,19,33.456354,134.256776,40,19,19 / NetID 19,2022-07-01,2022-07-01,250,25.62846904591837,0.04171622334832656,0.44073680926509307,0.14715098880488992,0.04171622334832656,0.44073680926509307,NA,Low,Low,2022,GAM: Jday + SST + depth + log10(CHL),glm_maxent_like,historical_oisst_yearly_mean,NOAA OISST historical,Yearly historical risk is the mean of daily historical risks.
2022,20,33.593837,134.379416,33,20,20 / NetID 20,2022-07-01,2022-07-01,250,25.436530295918367,0.038289551236669904,0.42969570378486965,0.10554835089110608,0.038289551236669904,0.42969570378486965,NA,Low,Low,2022,GAM: Jday + SST + depth + log10(CHL),glm_maxent_like,historical_oisst_yearly_mean,NOAA OISST historical,Yearly historical risk is the mean of daily historical risks.
2022,9,33.159542,133.224963,34,9,9 / NetID 9,2022-07-01,2022-07-01,250,25.75147925,0.032440754834395756,0.4015659955257271,0.12015853100125645,0.032440754834395756,0.4015659955257271,NA,Low,Low,2022,GAM: Jday + SST + depth + log10(CHL),glm_maxent_like,historical_oisst_yearly_mean,NOAA OISST historical,Yearly historical risk is the mean of daily historical risks.
2022,2,32.802579,132.633563,41,2,2 / NetID 2,2022-07-01,2022-07-01,250,25.335611974489797,0.03206421411178473,0.4081271210945228,0.08150814094818408,0.03206421411178473,0.4081271210945228,NA,Low,Low,2022,GAM: Jday + SST + depth + log10(CHL),glm_maxent_like,historical_oisst_yearly_mean,NOAA OISST historical,Yearly historical risk is the mean of daily historical risks.
2023,16,33.302961,134.204049,60,16,16 / NetID 16,2023-07-01,2023-07-01,175,23.485362057971013,0.38197238546907897,0.916139804817949,0.35152949955915497,0.38197238546907897,0.916139804817949,NA,Very high,Very high,2023,GAM: Jday + SST + depth + log10(CHL),glm_maxent_like,historical_oisst_yearly_mean,NOAA OISST historical,Yearly historical risk is the mean of daily historical risks.
2023,17,33.428671,134.243505,45,17,17 / NetID 17,2023-07-01,2023-07-01,175,23.485362057971013,0.29598553902433794,0.867436155151358,0.24991332010569403,0.29598553902433794,0.867436155151358,NA,High,High,2023,GAM: Jday + SST + depth + log10(CHL),glm_maxent_like,historical_oisst_yearly_mean,NOAA OISST historical,Yearly historical risk is the mean of daily historical risks.
2023,11,32.77052,133.019357,28,11,11 / NetID 11,2023-07-01,2023-07-01,175,23.889709855072464,0.28334121263001677,0.859854748241092,0.1785699877659309,0.28334121263001677,0.859854748241092,NA,High,High,2023,GAM: Jday + SST + depth + log10(CHL),glm_maxent_like,historical_oisst_yearly_mean,NOAA OISST historical,Yearly historical risk is the mean of daily historical risks.
2023,12,33.400017,134.011099,26,12,12 / NetID 12,2023-07-01,2023-07-01,175,23.485362057971013,0.26288601181056315,0.8466642890337084,0.13955799246457085,0.26288601181056315,0.8466642890337084,NA,High,High,2023,GAM: Jday + SST + depth + log10(CHL),glm_maxent_like,historical_oisst_yearly_mean,NOAA OISST historical,Yearly historical risk is the mean of daily historical risks.
2023,4,32.784353,132.703013,45,4,4 / NetID 4,2023-07-01,2023-07-01,175,23.475796811594204,0.25270359624769895,0.8389748078980643,0.2146650054261484,0.25270359624769895,0.8389748078980643,NA,High,High,2023,GAM: Jday + SST + depth + log10(CHL),glm_maxent_like,historical_oisst_yearly_mean,NOAA OISST historical,Yearly historical risk is the mean of daily historical risks.
2023,15,33.269809,134.202371,47,15,15 / NetID 15,2023-07-01,2023-07-01,175,23.485362057971013,0.2410688894176801,0.8319607906710329,0.2250319842871502,0.2410688894176801,0.8319607906710329,NA,High,High,2023,GAM: Jday + SST + depth + log10(CHL),glm_maxent_like,historical_oisst_yearly_mean,NOAA OISST historical,Yearly historical risk is the mean of daily historical risks.
2023,13,33.360612,134.043999,23,13,13 / NetID 13,2023-07-01,2023-07-01,175,23.485362057971013,0.22162577776180872,0.816257605723611,0.17342652736220307,0.22162577776180872,0.816257605723611,NA,High,High,2023,GAM: Jday + SST + depth + log10(CHL),glm_maxent_like,historical_oisst_yearly_mean,NOAA OISST historical,Yearly historical risk is the mean of daily historical risks.
2023,14,33.311698,134.201284,30,14,14 / NetID 14,2023-07-01,2023-07-01,175,23.485362057971013,0.22004815301298436,0.8132639496806406,0.2116361091524558,0.22004815301298436,0.8132639496806406,NA,High,High,2023,GAM: Jday + SST + depth + log10(CHL),glm_maxent_like,historical_oisst_yearly_mean,NOAA OISST historical,Yearly historical risk is the mean of daily historical risks.
2023,18,33.455525,134.256103,44,18,18 / NetID 18,2023-07-01,2023-07-01,175,23.398405550724636,0.212408489021324,0.8105729014687287,0.20935942478138753,0.212408489021324,0.8105729014687287,NA,High,High,2023,GAM: Jday + SST + depth + log10(CHL),glm_maxent_like,historical_oisst_yearly_mean,NOAA OISST historical,Yearly historical risk is the mean of daily historical risks.
2023,3,32.812774,132.642032,44,3,3 / NetID 3,2023-07-01,2023-07-01,175,23.475796811594204,0.19128653564717021,0.791470782133169,0.1811015201962806,0.19128653564717021,0.791470782133169,NA,High,High,2023,GAM: Jday + SST + depth + log10(CHL),glm_maxent_like,historical_oisst_yearly_mean,NOAA OISST historical,Yearly historical risk is the mean of daily historical risks.
2023,8,32.734923,133.029438,49,8,8 / NetID 8,2023-07-01,2023-07-01,175,24.391159188405798,0.18667921770458995,0.7863480638502524,0.22796919499280818,0.18667921770458995,0.7863480638502524,NA,High,High,2023,GAM: Jday + SST + depth + log10(CHL),glm_maxent_like,historical_oisst_yearly_mean,NOAA OISST historical,Yearly historical risk is the mean of daily historical risks.
2023,1,32.793914,132.628975,30,1,1 / NetID 1,2023-07-01,2023-07-01,175,23.475796811594204,0.1608700283452932,0.7595888856466622,0.15494574898578484,0.1608700283452932,0.7595888856466622,NA,High,High,2023,GAM: Jday + SST + depth + log10(CHL),glm_maxent_like,historical_oisst_yearly_mean,NOAA OISST historical,Yearly historical risk is the mean of daily historical risks.
2023,10,33.35765,133.337593,19,10,10 / NetID 10,2023-07-01,2023-07-01,175,23.681304101449275,0.08290149345056629,0.6568751418474208,0.14232302570088542,0.08290149345056629,0.6568751418474208,NA,Moderate,Moderate,2023,GAM: Jday + SST + depth + log10(CHL),glm_maxent_like,historical_oisst_yearly_mean,NOAA OISST historical,Yearly historical risk is the mean of daily historical risks.
2023,2,32.802579,132.633563,41,2,2 / NetID 2,2023-07-01,2023-07-01,175,23.475796811594204,0.06400577103868782,0.6191734483243091,0.17245629323637482,0.06400577103868782,0.6191734483243091,NA,Moderate,Moderate,2023,GAM: Jday + SST + depth + log10(CHL),glm_maxent_like,historical_oisst_yearly_mean,NOAA OISST historical,Yearly historical risk is the mean of daily historical risks.
2023,19,33.456354,134.256776,40,19,19 / NetID 19,2023-07-01,2023-07-01,175,23.398405550724636,0.049612084602549844,0.5824822488084817,0.19685055038921856,0.049612084602549844,0.5824822488084817,NA,Moderate,Moderate,2023,GAM: Jday + SST + depth + log10(CHL),glm_maxent_like,historical_oisst_yearly_mean,NOAA OISST historical,Yearly historical risk is the mean of daily historical risks.
2023,9,33.159542,133.224963,34,9,9 / NetID 9,2023-07-01,2023-07-01,175,23.644782333333332,0.045136902592249374,0.5667358341709086,0.19314888108446623,0.045136902592249374,0.5667358341709086,NA,Moderate,Moderate,2023,GAM: Jday + SST + depth + log10(CHL),glm_maxent_like,historical_oisst_yearly_mean,NOAA OISST historical,Yearly historical risk is the mean of daily historical risks.
2023,20,33.593837,134.379416,33,20,20 / NetID 20,2023-07-01,2023-07-01,175,22.988115695652173,0.042957341751676606,0.5601216915777756,0.13453929713972396,0.042957341751676606,0.5601216915777756,NA,Moderate,Moderate,2023,GAM: Jday + SST + depth + log10(CHL),glm_maxent_like,historical_oisst_yearly_mean,NOAA OISST historical,Yearly historical risk is the mean of daily historical risks.
2024,16,33.302961,134.204049,60,16,16 / NetID 16,2024-07-01,2024-07-01,215,25.62413763546798,0.22074724106824814,0.7812694004547742,0.1859901450045844,0.22074724106824814,0.7812694004547742,NA,High,High,2024,GAM: Jday + SST + depth + log10(CHL),glm_maxent_like,historical_oisst_yearly_mean,NOAA OISST historical,Yearly historical risk is the mean of daily historical risks.
2024,11,32.77052,133.019357,28,11,11 / NetID 11,2024-07-01,2024-07-01,215,25.939063743842365,0.1998689969416462,0.7569198781881031,0.11816223984747232,0.1998689969416462,0.7569198781881031,NA,High,High,2024,GAM: Jday + SST + depth + log10(CHL),glm_maxent_like,historical_oisst_yearly_mean,NOAA OISST historical,Yearly historical risk is the mean of daily historical risks.
2024,12,33.400017,134.011099,26,12,12 / NetID 12,2024-07-01,2024-07-01,215,25.62413763546798,0.1988789459821514,0.7636165937485077,0.09762451411341962,0.1988789459821514,0.7636165937485077,NA,High,High,2024,GAM: Jday + SST + depth + log10(CHL),glm_maxent_like,historical_oisst_yearly_mean,NOAA OISST historical,Yearly historical risk is the mean of daily historical risks.
2024,13,33.360612,134.043999,23,13,13 / NetID 13,2024-07-01,2024-07-01,215,25.62413763546798,0.169635193209347,0.7357185101920117,0.11712580049847748,0.169635193209347,0.7357185101920117,NA,Moderate,Moderate,2024,GAM: Jday + SST + depth + log10(CHL),glm_maxent_like,historical_oisst_yearly_mean,NOAA OISST historical,Yearly historical risk is the mean of daily historical risks.
2024,17,33.428671,134.243505,45,17,17 / NetID 17,2024-07-01,2024-07-01,215,25.62413763546798,0.16650898047248686,0.7278701652689156,0.1290231102353782,0.16650898047248686,0.7278701652689156,NA,Moderate,Moderate,2024,GAM: Jday + SST + depth + log10(CHL),glm_maxent_like,historical_oisst_yearly_mean,NOAA OISST historical,Yearly historical risk is the mean of daily historical risks.
2024,15,33.269809,134.202371,47,15,15 / NetID 15,2024-07-01,2024-07-01,215,25.62413763546798,0.1492599399685805,0.7143683671107879,0.12279745178059001,0.1492599399685805,0.7143683671107879,NA,Moderate,Moderate,2024,GAM: Jday + SST + depth + log10(CHL),glm_maxent_like,historical_oisst_yearly_mean,NOAA OISST historical,Yearly historical risk is the mean of daily historical risks.
2024,4,32.784353,132.703013,45,4,4 / NetID 4,2024-07-01,2024-07-01,215,25.41596032512315,0.1474878073299216,0.7155273433912638,0.11071076262871976,0.1474878073299216,0.7155273433912638,NA,Moderate,Moderate,2024,GAM: Jday + SST + depth + log10(CHL),glm_maxent_like,historical_oisst_yearly_mean,NOAA OISST historical,Yearly historical risk is the mean of daily historical risks.
2024,18,33.455525,134.256103,44,18,18 / NetID 18,2024-07-01,2024-07-01,215,25.422659709359607,0.13876775355578558,0.7067441031801134,0.11865050429929007,0.13876775355578558,0.7067441031801134,NA,Moderate,Moderate,2024,GAM: Jday + SST + depth + log10(CHL),glm_maxent_like,historical_oisst_yearly_mean,NOAA OISST historical,Yearly historical risk is the mean of daily historical risks.
2024,8,32.734923,133.029438,49,8,8 / NetID 8,2024-07-01,2024-07-01,215,26.520344418719212,0.12979470222655282,0.6788478563530634,0.13875805524711207,0.12979470222655282,0.6788478563530634,NA,Moderate,Moderate,2024,GAM: Jday + SST + depth + log10(CHL),glm_maxent_like,historical_oisst_yearly_mean,NOAA OISST historical,Yearly historical risk is the mean of daily historical risks.
2024,14,33.311698,134.201284,30,14,14 / NetID 14,2024-07-01,2024-07-01,215,25.62413763546798,0.12127224357466453,0.67148073454484,0.10837634778366728,0.12127224357466453,0.67148073454484,NA,Moderate,Moderate,2024,GAM: Jday + SST + depth + log10(CHL),glm_maxent_like,historical_oisst_yearly_mean,NOAA OISST historical,Yearly historical risk is the mean of daily historical risks.
2024,3,32.812774,132.642032,44,3,3 / NetID 3,2024-07-01,2024-07-01,215,25.41596032512315,0.10867313110283047,0.6624348420229004,0.0912554912087269,0.10867313110283047,0.6624348420229004,NA,Moderate,Moderate,2024,GAM: Jday + SST + depth + log10(CHL),glm_maxent_like,historical_oisst_yearly_mean,NOAA OISST historical,Yearly historical risk is the mean of daily historical risks.
2024,1,32.793914,132.628975,30,1,1 / NetID 1,2024-07-01,2024-07-01,215,25.41596032512315,0.09091528060175795,0.6326192129246978,0.07715095967215883,0.09091528060175795,0.6326192129246978,NA,Moderate,Moderate,2024,GAM: Jday + SST + depth + log10(CHL),glm_maxent_like,historical_oisst_yearly_mean,NOAA OISST historical,Yearly historical risk is the mean of daily historical risks.
2024,10,33.35765,133.337593,19,10,10 / NetID 10,2024-07-01,2024-07-01,215,25.80586169458128,0.04824044244307662,0.528618081499359,0.07277906180675955,0.04824044244307662,0.528618081499359,NA,Moderate,Moderate,2024,GAM: Jday + SST + depth + log10(CHL),glm_maxent_like,historical_oisst_yearly_mean,NOAA OISST historical,Yearly historical risk is the mean of daily historical risks.
2024,2,32.802579,132.633563,41,2,2 / NetID 2,2024-07-01,2024-07-01,215,25.41596032512315,0.03571418240439292,0.4777388391135209,0.08655683524703223,0.03571418240439292,0.4777388391135209,NA,Low,Low,2024,GAM: Jday + SST + depth + log10(CHL),glm_maxent_like,historical_oisst_yearly_mean,NOAA OISST historical,Yearly historical risk is the mean of daily historical risks.
2024,9,33.159542,133.224963,34,9,9 / NetID 9,2024-07-01,2024-07-01,215,25.685861763546797,0.032280571246212524,0.45225789150806506,0.12217505557005182,0.032280571246212524,0.45225789150806506,NA,Low,Low,2024,GAM: Jday + SST + depth + log10(CHL),glm_maxent_like,historical_oisst_yearly_mean,NOAA OISST historical,Yearly historical risk is the mean of daily historical risks.
2024,19,33.456354,134.256776,40,19,19 / NetID 19,2024-07-01,2024-07-01,215,25.422659709359607,0.031921409364840066,0.46601866851808993,0.11102118757611883,0.031921409364840066,0.46601866851808993,NA,Low,Low,2024,GAM: Jday + SST + depth + log10(CHL),glm_maxent_like,historical_oisst_yearly_mean,NOAA OISST historical,Yearly historical risk is the mean of daily historical risks.
2024,20,33.593837,134.379416,33,20,20 / NetID 20,2024-07-01,2024-07-01,215,25.122561206896552,0.03097613037315445,0.4524948296066093,0.08277724566735274,0.03097613037315445,0.4524948296066093,NA,Low,Low,2024,GAM: Jday + SST + depth + log10(CHL),glm_maxent_like,historical_oisst_yearly_mean,NOAA OISST historical,Yearly historical risk is the mean of daily historical risks.
2026,16,33.302961,134.204049,60,16,16 / NetID 16,2026-07-01,2026-07-01,132,21.929545227272726,0.2553344677918152,0.8396888346552775,0.28149244758743486,0.2553344677918152,0.8396888346552775,NA,High,High,2026,GAM: Jday + SST + depth + log10(CHL),glm_maxent_like,historical_oisst_yearly_mean,NOAA OISST historical,Yearly historical risk is the mean of daily historical risks.
2026,12,33.400017,134.011099,26,12,12 / NetID 12,2026-07-01,2026-07-01,132,21.929545227272726,0.24639312779355432,0.8326215171852756,0.1623623752506762,0.24639312779355432,0.8326215171852756,NA,High,High,2026,GAM: Jday + SST + depth + log10(CHL),glm_maxent_like,historical_oisst_yearly_mean,NOAA OISST historical,Yearly historical risk is the mean of daily historical risks.
2026,11,32.77052,133.019357,28,11,11 / NetID 11,2026-07-01,2026-07-01,132,22.112272545454545,0.24566060144148386,0.8317741170090164,0.19430932605263995,0.24566060144148386,0.8317741170090164,NA,High,High,2026,GAM: Jday + SST + depth + log10(CHL),glm_maxent_like,historical_oisst_yearly_mean,NOAA OISST historical,Yearly historical risk is the mean of daily historical risks.
2026,13,33.360612,134.043999,23,13,13 / NetID 13,2026-07-01,2026-07-01,132,21.929545227272726,0.19312934176161634,0.7886583960409463,0.1779958446364576,0.19312934176161634,0.7886583960409463,NA,High,High,2026,GAM: Jday + SST + depth + log10(CHL),glm_maxent_like,historical_oisst_yearly_mean,NOAA OISST historical,Yearly historical risk is the mean of daily historical risks.
2026,17,33.428671,134.243505,45,17,17 / NetID 17,2026-07-01,2026-07-01,132,21.929545227272726,0.18926411462932982,0.7855738593993628,0.19381604758907942,0.18926411462932982,0.7855738593993628,NA,High,High,2026,GAM: Jday + SST + depth + log10(CHL),glm_maxent_like,historical_oisst_yearly_mean,NOAA OISST historical,Yearly historical risk is the mean of daily historical risks.
2026,15,33.269809,134.202371,47,15,15 / NetID 15,2026-07-01,2026-07-01,132,21.929545227272726,0.17277963961835205,0.7702189682055454,0.19390298425917585,0.17277963961835205,0.7702189682055454,NA,High,High,2026,GAM: Jday + SST + depth + log10(CHL),glm_maxent_like,historical_oisst_yearly_mean,NOAA OISST historical,Yearly historical risk is the mean of daily historical risks.
2026,8,32.734923,133.029438,49,8,8 / NetID 8,2026-07-01,2026-07-01,132,23.077272545454544,0.16512205445173953,0.763948206901227,0.27517290358339785,0.16512205445173953,0.763948206901227,NA,High,High,2026,GAM: Jday + SST + depth + log10(CHL),glm_maxent_like,historical_oisst_yearly_mean,NOAA OISST historical,Yearly historical risk is the mean of daily historical risks.
2026,18,33.455525,134.256103,44,18,18 / NetID 18,2026-07-01,2026-07-01,132,21.82454531818182,0.15997361867773408,0.7568978374347501,0.18667994325507442,0.15997361867773408,0.7568978374347501,NA,High,High,2026,GAM: Jday + SST + depth + log10(CHL),glm_maxent_like,historical_oisst_yearly_mean,NOAA OISST historical,Yearly historical risk is the mean of daily historical risks.
2026,4,32.784353,132.703013,45,4,4 / NetID 4,2026-07-01,2026-07-01,132,21.631818045454544,0.1503009172813846,0.7463900752491357,0.1430292496857836,0.1503009172813846,0.7463900752491357,NA,Moderate,Moderate,2026,GAM: Jday + SST + depth + log10(CHL),glm_maxent_like,historical_oisst_yearly_mean,NOAA OISST historical,Yearly historical risk is the mean of daily historical risks.
2026,14,33.311698,134.201284,30,14,14 / NetID 14,2026-07-01,2026-07-01,132,21.929545227272726,0.13548000478505132,0.7291878516710731,0.16219282064498858,0.13548000478505132,0.7291878516710731,NA,Moderate,Moderate,2026,GAM: Jday + SST + depth + log10(CHL),glm_maxent_like,historical_oisst_yearly_mean,NOAA OISST historical,Yearly historical risk is the mean of daily historical risks.
2026,3,32.812774,132.642032,44,3,3 / NetID 3,2026-07-01,2026-07-01,132,21.631818045454544,0.10041616295462091,0.6813097417124263,0.1074216615775942,0.10041616295462091,0.6813097417124263,NA,Moderate,Moderate,2026,GAM: Jday + SST + depth + log10(CHL),glm_maxent_like,historical_oisst_yearly_mean,NOAA OISST historical,Yearly historical risk is the mean of daily historical risks.
2026,1,32.793914,132.628975,30,1,1 / NetID 1,2026-07-01,2026-07-01,132,21.631818045454544,0.082983397508539,0.6529726798183174,0.09017369359899165,0.082983397508539,0.6529726798183174,NA,Moderate,Moderate,2026,GAM: Jday + SST + depth + log10(CHL),glm_maxent_like,historical_oisst_yearly_mean,NOAA OISST historical,Yearly historical risk is the mean of daily historical risks.
2026,10,33.35765,133.337593,19,10,10 / NetID 10,2026-07-01,2026-07-01,132,21.502726954545455,0.05580818131823788,0.5918581791065013,0.11955644253783125,0.05580818131823788,0.5918581791065013,NA,Moderate,Moderate,2026,GAM: Jday + SST + depth + log10(CHL),glm_maxent_like,historical_oisst_yearly_mean,NOAA OISST historical,Yearly historical risk is the mean of daily historical risks.
2026,19,33.456354,134.256776,40,19,19 / NetID 19,2026-07-01,2026-07-01,132,21.82454531818182,0.03586568343360044,0.525964341400583,0.17490500767180706,0.03586568343360044,0.525964341400583,NA,Moderate,Moderate,2026,GAM: Jday + SST + depth + log10(CHL),glm_maxent_like,historical_oisst_yearly_mean,NOAA OISST historical,Yearly historical risk is the mean of daily historical risks.
2026,2,32.802579,132.633563,41,2,2 / NetID 2,2026-07-01,2026-07-01,132,21.631818045454544,0.031268547715306606,0.5031523286556844,0.10165279082991302,0.031268547715306606,0.5031523286556844,NA,Moderate,Moderate,2026,GAM: Jday + SST + depth + log10(CHL),glm_maxent_like,historical_oisst_yearly_mean,NOAA OISST historical,Yearly historical risk is the mean of daily historical risks.
2026,9,33.159542,133.224963,34,9,9 / NetID 9,2026-07-01,2026-07-01,132,21.60590890909091,0.029979870291494994,0.4968307233407904,0.15436228538693256,0.029979870291494994,0.4968307233407904,NA,Low,Low,2026,GAM: Jday + SST + depth + log10(CHL),glm_maxent_like,historical_oisst_yearly_mean,NOAA OISST historical,Yearly historical risk is the mean of daily historical risks.
2026,20,33.593837,134.379416,33,20,20 / NetID 20,2026-07-01,2026-07-01,132,20.831817954545453,0.029222880874948034,0.4928987865229476,0.09586629141123604,0.029222880874948034,0.4928987865229476,NA,Low,Low,2026,GAM: Jday + SST + depth + log10(CHL),glm_maxent_like,historical_oisst_yearly_mean,NOAA OISST historical,Yearly historical risk is the mean of daily historical risks.
